<?xml version="1.0" encoding="utf-8" standalone="no"?>
<!DOCTYPE properties SYSTEM "http://java.sun.com/dtd/properties.dtd">
<properties>
<comment>FileVault Package Properties</comment>
<entry key="createdBy">admin</entry>
<entry key="name">tjdo_initial_apps</entry>
<entry key="lastModified">2015-07-16T14:19:13.826-05:00</entry>
<entry key="lastModifiedBy">admin</entry>
<entry key="created">2015-07-16T14:19:13.929-05:00</entry>
<entry key="buildCount">3</entry>
<entry key="version">1.0</entry>
<entry key="dependencies"/>
<entry key="packageFormatVersion">2</entry>
<entry key="group">The Just DO!</entry>
<entry key="lastWrapped">2015-07-16T14:19:13.826-05:00</entry>
<entry key="description"/>
<entry key="lastWrappedBy">admin</entry>
</properties>
