<?xml version="1.0" encoding="UTF-8"?>
<jcr:root xmlns:cq="http://www.day.com/jcr/cq/1.0" xmlns:jcr="http://www.jcp.org/jcr/1.0"
    jcr:primaryType="cq:Dialog"
    helpPath="en/cq/current/wcm/default_components.html#Text"
    title="ChallengeHeaderComponent"
    xtype="tabpanel">
    <items jcr:primaryType="cq:WidgetCollection">
        <tab1
            jcr:primaryType="cq:Widget"
            anchor="100%"
            title="Text"
            xtype="panel">
            <items jcr:primaryType="cq:WidgetCollection">
                <text
                    jcr:primaryType="cq:Widget"
                    hideLabel="{Boolean}true"
                    name="./text"
                    xtype="richtext"/>
                <isRichTextFlag
                    jcr:primaryType="cq:Widget"
                    ignoreData="{Boolean}true"
                    name="./textIsRich"
                    value="true"
                    xtype="hidden"/>
            </items>
        </tab1>
        <tab2
            jcr:primaryType="cq:Widget"
            anchor="100%"
            title="Background"
            xtype="panel">
            <items jcr:primaryType="cq:WidgetCollection">
                <color
                    jcr:primaryType="cq:Widget"
                    fieldLabel="Color"
                    name="./color"
                    xtype="colorfield"/>
            </items>
        </tab2>
    </items>
</jcr:root>
