[{"name":"Task1","status":"pending"},{"name":"Task2","status":"pending"},{"name":"Task3","status":"pending"},{"name":"Task4","status":"pending"},{"name":"Task5","status":"pending"},{"name":"Task","status":"pending"},{"name":"Task","status":"pending"},{"name":"Task","status":"pending"},{"name":"Task","status":"pending"},{"name":"Task","status":"pending"},{"name":"Task","status":"pending"},{"name":"Task","status":"pending"},{"name":"Task","status":"pending"},{"name":"Task","status":"pending"},{"name":"Task","status":"pending"},{"name":"Task","status":"pending"},{"name":"Task","status":"pending"},{"name":"Task","status":"pending"},{"name":"Task","status":"pending"},{"name":"Task","status":"pending"},{"name":"TaskTaskTask","status":"pending"},{"name":"Task","status":"pending"},{"name":"Task","status":"pending"},{"name":"Task","status":"pending"},{"name":"Task","status":"pending"},{"name":"Task","status":"pending"},{"name":"Task","status":"pending"},{"name":"Task","status":"pending"},{"name":"Task","status":"pending"},{"name":"Task","status":"pending"}]